{
  "full_index": {
    "0.py": "doc/conf.py",
    "1.py": "doc/development/tutorials/examples/helloworld.py",
    "2.py": "doc/development/tutorials/examples/recipe.py",
    "3.py": "doc/development/tutorials/examples/todo.py",
    "4.py": "doc/usage/extensions/example_google.py",
    "5.py": "doc/usage/extensions/example_numpy.py",
    "6.py": "setup.py",
    "8.py": "sphinx/__main__.py",
    "9.py": "sphinx/addnodes.py",
    "10.py": "sphinx/application.py",
    "11.py": "sphinx/builders/__init__.py",
    "12.py": "sphinx/builders/_epub_base.py",
    "13.py": "sphinx/builders/applehelp.py",
    "14.py": "sphinx/builders/changes.py",
    "15.py": "sphinx/builders/devhelp.py",
    "16.py": "sphinx/builders/dirhtml.py",
    "17.py": "sphinx/builders/dummy.py",
    "19.py": "sphinx/builders/gettext.py",
    "21.py": "sphinx/builders/htmlhelp.py",
    "23.py": "sphinx/builders/latex/constants.py",
    "24.py": "sphinx/builders/latex/nodes.py",
    "25.py": "sphinx/builders/latex/theming.py",
    "26.py": "sphinx/builders/latex/transforms.py",
    "27.py": "sphinx/builders/latex/util.py",
    "28.py": "sphinx/builders/linkcheck.py",
    "29.py": "sphinx/builders/manpage.py",
    "30.py": "sphinx/builders/qthelp.py",
    "31.py": "sphinx/builders/singlehtml.py",
    "32.py": "sphinx/builders/texinfo.py",
    "33.py": "sphinx/builders/text.py",
    "34.py": "sphinx/builders/xml.py",
    "35.py": "sphinx/cmd/__init__.py",
    "36.py": "sphinx/cmd/build.py",
    "37.py": "sphinx/cmd/make_mode.py",
    "38.py": "sphinx/cmd/quickstart.py",
    "40.py": "sphinx/deprecation.py",
    "41.py": "sphinx/directives/__init__.py",
    "42.py": "sphinx/directives/code.py",
    "43.py": "sphinx/directives/other.py",
    "44.py": "sphinx/directives/patches.py",
    "45.py": "sphinx/domains/__init__.py",
    "46.py": "sphinx/domains/c.py",
    "47.py": "sphinx/domains/changeset.py",
    "48.py": "sphinx/domains/citation.py",
    "49.py": "sphinx/domains/cpp.py",
    "50.py": "sphinx/domains/index.py",
    "51.py": "sphinx/domains/javascript.py",
    "52.py": "sphinx/domains/math.py",
    "53.py": "sphinx/domains/python.py",
    "54.py": "sphinx/domains/rst.py",
    "55.py": "sphinx/domains/std.py",
    "56.py": "sphinx/environment/__init__.py",
    "57.py": "sphinx/environment/adapters/__init__.py",
    "58.py": "sphinx/environment/adapters/asset.py",
    "59.py": "sphinx/environment/adapters/indexentries.py",
    "60.py": "sphinx/environment/adapters/toctree.py",
    "61.py": "sphinx/environment/collectors/__init__.py",
    "62.py": "sphinx/environment/collectors/asset.py",
    "63.py": "sphinx/environment/collectors/dependencies.py",
    "64.py": "sphinx/environment/collectors/indexentries.py",
    "65.py": "sphinx/environment/collectors/metadata.py",
    "66.py": "sphinx/environment/collectors/title.py",
    "67.py": "sphinx/environment/collectors/toctree.py",
    "68.py": "sphinx/errors.py",
    "69.py": "sphinx/events.py",
    "70.py": "sphinx/ext/__init__.py",
    "71.py": "sphinx/ext/apidoc.py",
    "73.py": "sphinx/ext/autodoc/directive.py",
    "74.py": "sphinx/ext/autodoc/importer.py",
    "75.py": "sphinx/ext/autodoc/mock.py",
    "76.py": "sphinx/ext/autodoc/type_comment.py",
    "77.py": "sphinx/ext/autodoc/typehints.py",
    "78.py": "sphinx/ext/autosectionlabel.py",
    "79.py": "sphinx/ext/autosummary/__init__.py",
    "80.py": "sphinx/ext/autosummary/generate.py",
    "81.py": "sphinx/ext/coverage.py",
    "82.py": "sphinx/ext/doctest.py",
    "83.py": "sphinx/ext/duration.py",
    "84.py": "sphinx/ext/extlinks.py",
    "85.py": "sphinx/ext/githubpages.py",
    "86.py": "sphinx/ext/graphviz.py",
    "87.py": "sphinx/ext/ifconfig.py",
    "88.py": "sphinx/ext/imgconverter.py",
    "89.py": "sphinx/ext/imgmath.py",
    "90.py": "sphinx/ext/inheritance_diagram.py",
    "92.py": "sphinx/ext/jsmath.py",
    "93.py": "sphinx/ext/linkcode.py",
    "94.py": "sphinx/ext/mathjax.py",
    "95.py": "sphinx/ext/napoleon/__init__.py",
    "96.py": "sphinx/ext/napoleon/docstring.py",
    "97.py": "sphinx/ext/napoleon/iterators.py",
    "98.py": "sphinx/ext/todo.py",
    "99.py": "sphinx/ext/viewcode.py",
    "101.py": "sphinx/highlighting.py",
    "102.py": "sphinx/io.py",
    "103.py": "sphinx/jinja2glue.py",
    "104.py": "sphinx/locale/__init__.py",
    "105.py": "sphinx/parsers.py",
    "106.py": "sphinx/project.py",
    "107.py": "sphinx/pycode/__init__.py",
    "108.py": "sphinx/pycode/ast.py",
    "109.py": "sphinx/pycode/parser.py",
    "110.py": "sphinx/pygments_styles.py",
    "112.py": "sphinx/roles.py",
    "113.py": "sphinx/search/__init__.py",
    "114.py": "sphinx/search/da.py",
    "115.py": "sphinx/search/de.py",
    "116.py": "sphinx/search/en.py",
    "117.py": "sphinx/search/es.py",
    "118.py": "sphinx/search/fi.py",
    "119.py": "sphinx/search/fr.py",
    "120.py": "sphinx/search/hu.py",
    "121.py": "sphinx/search/it.py",
    "122.py": "sphinx/search/ja.py",
    "123.py": "sphinx/search/jssplitter.py",
    "124.py": "sphinx/search/nl.py",
    "125.py": "sphinx/search/no.py",
    "126.py": "sphinx/search/pt.py",
    "127.py": "sphinx/search/ro.py",
    "128.py": "sphinx/search/ru.py",
    "129.py": "sphinx/search/sv.py",
    "130.py": "sphinx/search/tr.py",
    "131.py": "sphinx/search/zh.py",
    "132.py": "sphinx/setup_command.py",
    "133.py": "sphinx/testing/__init__.py",
    "134.py": "sphinx/testing/comparer.py",
    "135.py": "sphinx/testing/fixtures.py",
    "136.py": "sphinx/testing/path.py",
    "137.py": "sphinx/testing/restructuredtext.py",
    "138.py": "sphinx/testing/util.py",
    "139.py": "sphinx/theming.py",
    "140.py": "sphinx/transforms/__init__.py",
    "141.py": "sphinx/transforms/compact_bullet_list.py",
    "142.py": "sphinx/transforms/i18n.py",
    "143.py": "sphinx/transforms/post_transforms/__init__.py",
    "144.py": "sphinx/transforms/post_transforms/code.py",
    "145.py": "sphinx/transforms/post_transforms/images.py",
    "146.py": "sphinx/transforms/references.py",
    "147.py": "sphinx/util/__init__.py",
    "148.py": "sphinx/util/build_phase.py",
    "149.py": "sphinx/util/cfamily.py",
    "150.py": "sphinx/util/compat.py",
    "151.py": "sphinx/util/console.py",
    "152.py": "sphinx/util/docfields.py",
    "153.py": "sphinx/util/docstrings.py",
    "154.py": "sphinx/util/docutils.py",
    "155.py": "sphinx/util/fileutil.py",
    "156.py": "sphinx/util/i18n.py",
    "157.py": "sphinx/util/images.py",
    "159.py": "sphinx/util/inventory.py",
    "160.py": "sphinx/util/jsdump.py",
    "161.py": "sphinx/util/jsonimpl.py",
    "162.py": "sphinx/util/logging.py",
    "163.py": "sphinx/util/matching.py",
    "164.py": "sphinx/util/math.py",
    "165.py": "sphinx/util/nodes.py",
    "166.py": "sphinx/util/osutil.py",
    "167.py": "sphinx/util/parallel.py",
    "168.py": "sphinx/util/png.py",
    "169.py": "sphinx/util/pycompat.py",
    "170.py": "sphinx/util/requests.py",
    "171.py": "sphinx/util/rst.py",
    "172.py": "sphinx/util/smartypants.py",
    "173.py": "sphinx/util/stemmer/__init__.py",
    "174.py": "sphinx/util/stemmer/porter.py",
    "175.py": "sphinx/util/tags.py",
    "176.py": "sphinx/util/template.py",
    "177.py": "sphinx/util/texescape.py",
    "178.py": "sphinx/util/typing.py",
    "179.py": "sphinx/versioning.py",
    "180.py": "sphinx/writers/__init__.py",
    "181.py": "sphinx/writers/html.py",
    "182.py": "sphinx/writers/html5.py",
    "183.py": "sphinx/writers/latex.py",
    "184.py": "sphinx/writers/manpage.py",
    "185.py": "sphinx/writers/texinfo.py",
    "186.py": "sphinx/writers/text.py",
    "187.py": "sphinx/writers/xml.py",
    "188.py": "tests/conftest.py",
    "189.py": "tests/roots/test-add_enumerable_node/conf.py",
    "190.py": "tests/roots/test-add_enumerable_node/enumerable_node.py",
    "191.py": "tests/roots/test-add_source_parser-conflicts-with-users-setting/conf.py",
    "192.py": "tests/roots/test-add_source_parser-conflicts-with-users-setting/source_parser.py",
    "193.py": "tests/roots/test-add_source_parser/conf.py",
    "194.py": "tests/roots/test-add_source_parser/source_parser.py",
    "195.py": "tests/roots/test-api-set-translator/conf.py",
    "196.py": "tests/roots/test-api-set-translator/nonext/conf.py",
    "197.py": "tests/roots/test-api-set-translator/translator.py",
    "198.py": "tests/roots/test-apidoc-pep420/a/b/c/__init__.py",
    "199.py": "tests/roots/test-apidoc-pep420/a/b/c/d.py",
    "200.py": "tests/roots/test-apidoc-pep420/a/b/e/__init__.py",
    "201.py": "tests/roots/test-apidoc-pep420/a/b/e/f.py",
    "202.py": "tests/roots/test-apidoc-pep420/a/b/x/y.py",
    "203.py": "tests/roots/test-apidoc-subpackage-in-toc/parent/__init__.py",
    "204.py": "tests/roots/test-apidoc-subpackage-in-toc/parent/child/__init__.py",
    "205.py": "tests/roots/test-apidoc-subpackage-in-toc/parent/child/foo.py",
    "206.py": "tests/roots/test-apidoc-toc/mypackage/__init__.py",
    "207.py": "tests/roots/test-apidoc-toc/mypackage/main.py",
    "208.py": "tests/roots/test-apidoc-toc/mypackage/no_init/foo.py",
    "209.py": "tests/roots/test-apidoc-toc/mypackage/resource/__init__.py",
    "210.py": "tests/roots/test-apidoc-toc/mypackage/something/__init__.py",
    "211.py": "tests/roots/test-apidoc-trailing-underscore/package_/__init__.py",
    "212.py": "tests/roots/test-apidoc-trailing-underscore/package_/module_.py",
    "213.py": "tests/roots/test-autosummary/conf.py",
    "214.py": "tests/roots/test-autosummary/dummy_module.py",
    "215.py": "tests/roots/test-autosummary/underscore_module_.py",
    "216.py": "tests/roots/test-basic/conf.py",
    "217.py": "tests/roots/test-build-html-translator/conf.py",
    "218.py": "tests/roots/test-build-text/conf.py",
    "219.py": "tests/roots/test-builder-dirhtml/conf.py",
    "220.py": "tests/roots/test-builder-gettext-dont-rebuild-mo/conf.py",
    "221.py": "tests/roots/test-changes/conf.py",
    "222.py": "tests/roots/test-circular/conf.py",
    "223.py": "tests/roots/test-config/conf.py",
    "224.py": "tests/roots/test-correct-year/conf.py",
    "225.py": "tests/roots/test-default_role/conf.py",
    "226.py": "tests/roots/test-directive-code/conf.py",
    "227.py": "tests/roots/test-directive-code/target.py",
    "228.py": "tests/roots/test-directive-only/conf.py",
    "229.py": "tests/roots/test-directives-raw/conf.py",
    "230.py": "tests/roots/test-docutilsconf/conf.py",
    "231.py": "tests/roots/test-domain-c/conf.py",
    "232.py": "tests/roots/test-domain-cpp/conf.py",
    "233.py": "tests/roots/test-domain-js/conf.py",
    "234.py": "tests/roots/test-domain-py/conf.py",
    "235.py": "tests/roots/test-double-inheriting-theme/conf.py",
    "236.py": "tests/roots/test-epub-anchor-id/conf.py",
    "237.py": "tests/roots/test-ext-autodoc/autodoc_dummy_bar.py",
    "238.py": "tests/roots/test-ext-autodoc/autodoc_dummy_module.py",
    "239.py": "tests/roots/test-ext-autodoc/bug2437/__init__.py",
    "240.py": "tests/roots/test-ext-autodoc/bug2437/autodoc_dummy_foo.py",
    "241.py": "tests/roots/test-ext-autodoc/conf.py",
    "242.py": "tests/roots/test-ext-autodoc/target/__init__.py",
    "243.py": "tests/roots/test-ext-autodoc/target/abstractmethods.py",
    "244.py": "tests/roots/test-ext-autodoc/target/annotated.py",
    "245.py": "tests/roots/test-ext-autodoc/target/autoclass_content.py",
    "246.py": "tests/roots/test-ext-autodoc/target/bound_method.py",
    "247.py": "tests/roots/test-ext-autodoc/target/callable.py",
    "248.py": "tests/roots/test-ext-autodoc/target/coroutine.py",
    "249.py": "tests/roots/test-ext-autodoc/target/decorator.py",
    "250.py": "tests/roots/test-ext-autodoc/target/descriptor.py",
    "251.py": "tests/roots/test-ext-autodoc/target/docstring_signature.py",
    "252.py": "tests/roots/test-ext-autodoc/target/enum.py",
    "253.py": "tests/roots/test-ext-autodoc/target/functions.py",
    "254.py": "tests/roots/test-ext-autodoc/target/imported_members.py",
    "255.py": "tests/roots/test-ext-autodoc/target/inheritance.py",
    "256.py": "tests/roots/test-ext-autodoc/target/methods.py",
    "257.py": "tests/roots/test-ext-autodoc/target/need_mocks.py",
    "258.py": "tests/roots/test-ext-autodoc/target/partialfunction.py",
    "259.py": "tests/roots/test-ext-autodoc/target/partialmethod.py",
    "260.py": "tests/roots/test-ext-autodoc/target/pep570.py",
    "261.py": "tests/roots/test-ext-autodoc/target/private.py",
    "262.py": "tests/roots/test-ext-autodoc/target/process_docstring.py",
    "263.py": "tests/roots/test-ext-autodoc/target/singledispatch.py",
    "264.py": "tests/roots/test-ext-autodoc/target/singledispatchmethod.py",
    "265.py": "tests/roots/test-ext-autodoc/target/slots.py",
    "266.py": "tests/roots/test-ext-autodoc/target/typed_vars.py",
    "267.py": "tests/roots/test-ext-autodoc/target/typehints.py",
    "269.py": "tests/roots/test-ext-autosectionlabel-prefix-document/conf.py",
    "270.py": "tests/roots/test-ext-autosectionlabel/conf.py",
    "271.py": "tests/roots/test-ext-autosummary-imported_members/autosummary_dummy_package/__init__.py",
    "272.py": "tests/roots/test-ext-autosummary-imported_members/autosummary_dummy_package/autosummary_dummy_module.py",
    "273.py": "tests/roots/test-ext-autosummary-imported_members/conf.py",
    "274.py": "tests/roots/test-ext-autosummary-mock_imports/conf.py",
    "275.py": "tests/roots/test-ext-autosummary-mock_imports/foo.py",
    "276.py": "tests/roots/test-ext-autosummary-skip-member/conf.py",
    "277.py": "tests/roots/test-ext-autosummary-skip-member/target.py",
    "278.py": "tests/roots/test-ext-autosummary/autosummary_dummy_module.py",
    "279.py": "tests/roots/test-ext-autosummary/autosummary_importfail.py",
    "280.py": "tests/roots/test-ext-autosummary/conf.py",
    "281.py": "tests/roots/test-ext-coverage/conf.py",
    "282.py": "tests/roots/test-ext-coverage/coverage_ignored.py",
    "283.py": "tests/roots/test-ext-coverage/coverage_not_ignored.py",
    "284.py": "tests/roots/test-ext-doctest-skipif/conf.py",
    "285.py": "tests/roots/test-ext-doctest-with-autodoc/conf.py",
    "286.py": "tests/roots/test-ext-doctest-with-autodoc/dir/__init__.py",
    "287.py": "tests/roots/test-ext-doctest-with-autodoc/dir/bar.py",
    "288.py": "tests/roots/test-ext-doctest-with-autodoc/foo.py",
    "289.py": "tests/roots/test-ext-doctest/conf.py",
    "290.py": "tests/roots/test-ext-githubpages/conf.py",
    "291.py": "tests/roots/test-ext-graphviz/conf.py",
    "292.py": "tests/roots/test-ext-ifconfig/conf.py",
    "293.py": "tests/roots/test-ext-imgconverter/conf.py",
    "294.py": "tests/roots/test-ext-inheritance_diagram/conf.py",
    "295.py": "tests/roots/test-ext-inheritance_diagram/example/__init__.py",
    "296.py": "tests/roots/test-ext-inheritance_diagram/example/sphinx.py",
    "297.py": "tests/roots/test-ext-inheritance_diagram/test.py",
    "298.py": "tests/roots/test-ext-intersphinx-cppdomain/conf.py",
    "299.py": "tests/roots/test-ext-math-compat/conf.py",
    "300.py": "tests/roots/test-ext-math-simple/conf.py",
    "301.py": "tests/roots/test-ext-math/conf.py",
    "302.py": "tests/roots/test-ext-todo/conf.py",
    "303.py": "tests/roots/test-ext-viewcode-find/conf.py",
    "304.py": "tests/roots/test-ext-viewcode-find/not_a_package/__init__.py",
    "305.py": "tests/roots/test-ext-viewcode-find/not_a_package/submodule.py",
    "306.py": "tests/roots/test-ext-viewcode/conf.py",
    "307.py": "tests/roots/test-ext-viewcode/spam/__init__.py",
    "308.py": "tests/roots/test-ext-viewcode/spam/mod1.py",
    "309.py": "tests/roots/test-ext-viewcode/spam/mod2.py",
    "310.py": "tests/roots/test-ext-viewcode/spam/mod3.py",
    "311.py": "tests/roots/test-extensions/conf.py",
    "312.py": "tests/roots/test-extensions/read_parallel.py",
    "313.py": "tests/roots/test-extensions/read_serial.py",
    "314.py": "tests/roots/test-extensions/write_parallel.py",
    "315.py": "tests/roots/test-extensions/write_serial.py",
    "316.py": "tests/roots/test-footnotes/conf.py",
    "317.py": "tests/roots/test-gettext-template/conf.py",
    "318.py": "tests/roots/test-glossary/conf.py",
    "319.py": "tests/roots/test-html_assets/conf.py",
    "320.py": "tests/roots/test-html_entity/conf.py",
    "321.py": "tests/roots/test-html_scaled_image_link/conf.py",
    "322.py": "tests/roots/test-html_style/conf.py",
    "323.py": "tests/roots/test-image-in-parsed-literal/conf.py",
    "324.py": "tests/roots/test-image-in-section/conf.py",
    "325.py": "tests/roots/test-images/conf.py",
    "326.py": "tests/roots/test-index_on_title/conf.py",
    "327.py": "tests/roots/test-inheritance/conf.py",
    "328.py": "tests/roots/test-inheritance/dummy/__init__.py",
    "329.py": "tests/roots/test-inheritance/dummy/test.py",
    "330.py": "tests/roots/test-inheritance/dummy/test_nested.py",
    "331.py": "tests/roots/test-intl/conf.py",
    "332.py": "tests/roots/test-keep_warnings/conf.py",
    "333.py": "tests/roots/test-latex-babel/conf.py",
    "334.py": "tests/roots/test-latex-equations/conf.py",
    "335.py": "tests/roots/test-latex-figure-in-admonition/conf.py",
    "336.py": "tests/roots/test-latex-includegraphics/conf.py",
    "337.py": "tests/roots/test-latex-index/conf.py",
    "338.py": "tests/roots/test-latex-labels/conf.py",
    "339.py": "tests/roots/test-latex-numfig/conf.py",
    "340.py": "tests/roots/test-latex-table/conf.py",
    "341.py": "tests/roots/test-latex-theme/conf.py",
    "342.py": "tests/roots/test-latex-title/conf.py",
    "343.py": "tests/roots/test-latex-unicode/conf.py",
    "344.py": "tests/roots/test-linkcheck/conf.py",
    "345.py": "tests/roots/test-manpage_url/conf.py",
    "346.py": "tests/roots/test-markup-citation/conf.py",
    "347.py": "tests/roots/test-markup-rubric/conf.py",
    "348.py": "tests/roots/test-maxlistdepth/conf.py",
    "349.py": "tests/roots/test-metadata/conf.py",
    "350.py": "tests/roots/test-need-escaped/conf.py",
    "351.py": "tests/roots/test-nested-enumerated-list/conf.py",
    "352.py": "tests/roots/test-nested-tables/conf.py",
    "353.py": "tests/roots/test-numbered-circular/conf.py",
    "354.py": "tests/roots/test-numfig/conf.py",
    "355.py": "tests/roots/test-productionlist/conf.py",
    "356.py": "tests/roots/test-prolog/conf.py",
    "357.py": "tests/roots/test-prolog/prolog_markdown_parser.py",
    "358.py": "tests/roots/test-pycode-egg/conf.py",
    "359.py": "tests/roots/test-pycode-egg/src/sample.py",
    "360.py": "tests/roots/test-pycode-egg/src/setup.py",
    "361.py": "tests/roots/test-pycode/cp_1251_coded.py",
    "362.py": "tests/roots/test-refonly_bullet_list/conf.py",
    "363.py": "tests/roots/test-roles-download/conf.py",
    "364.py": "tests/roots/test-root/autodoc_target.py",
    "365.py": "tests/roots/test-root/conf.py",
    "366.py": "tests/roots/test-root/parsermod.py",
    "367.py": "tests/roots/test-root/special/code.py",
    "368.py": "tests/roots/test-search/conf.py",
    "369.py": "tests/roots/test-setup/doc/conf.py",
    "370.py": "tests/roots/test-setup/setup.py",
    "371.py": "tests/roots/test-smartquotes/conf.py",
    "372.py": "tests/roots/test-stylesheets/conf.py",
    "373.py": "tests/roots/test-templating/conf.py",
    "374.py": "tests/roots/test-theming/conf.py",
    "375.py": "tests/roots/test-theming/setup.py",
    "376.py": "tests/roots/test-theming/test_theme/__init__.py",
    "377.py": "tests/roots/test-tocdepth/conf.py",
    "378.py": "tests/roots/test-toctree-duplicated/conf.py",
    "379.py": "tests/roots/test-toctree-empty/conf.py",
    "380.py": "tests/roots/test-toctree-glob/conf.py",
    "381.py": "tests/roots/test-toctree-maxdepth/conf.py",
    "382.py": "tests/roots/test-toctree/conf.py",
    "383.py": "tests/roots/test-trim_doctest_flags/conf.py",
    "384.py": "tests/roots/test-versioning/conf.py",
    "385.py": "tests/roots/test-warnings/autodoc_fodder.py",
    "386.py": "tests/roots/test-warnings/conf.py",
    "387.py": "tests/test_api_translator.py",
    "388.py": "tests/test_application.py",
    "390.py": "tests/test_build.py",
    "391.py": "tests/test_build_changes.py",
    "392.py": "tests/test_build_dirhtml.py",
    "393.py": "tests/test_build_epub.py",
    "394.py": "tests/test_build_gettext.py",
    "395.py": "tests/test_build_html.py",
    "396.py": "tests/test_build_latex.py",
    "397.py": "tests/test_build_linkcheck.py",
    "398.py": "tests/test_build_manpage.py",
    "399.py": "tests/test_build_texinfo.py",
    "400.py": "tests/test_build_text.py",
    "401.py": "tests/test_builder.py",
    "402.py": "tests/test_catalogs.py",
    "403.py": "tests/test_config.py",
    "404.py": "tests/test_correct_year.py",
    "405.py": "tests/test_directive_code.py",
    "406.py": "tests/test_directive_only.py",
    "407.py": "tests/test_directive_other.py",
    "408.py": "tests/test_directive_patch.py",
    "409.py": "tests/test_docutilsconf.py",
    "410.py": "tests/test_domain_c.py",
    "411.py": "tests/test_domain_cpp.py",
    "412.py": "tests/test_domain_js.py",
    "413.py": "tests/test_domain_py.py",
    "414.py": "tests/test_domain_rst.py",
    "415.py": "tests/test_domain_std.py",
    "416.py": "tests/test_environment.py",
    "417.py": "tests/test_environment_indexentries.py",
    "418.py": "tests/test_environment_toctree.py",
    "419.py": "tests/test_errors.py",
    "420.py": "tests/test_events.py",
    "421.py": "tests/test_ext_apidoc.py",
    "422.py": "tests/test_ext_autodoc.py",
    "423.py": "tests/test_ext_autodoc_configs.py",
    "424.py": "tests/test_ext_autodoc_events.py",
    "425.py": "tests/test_ext_autodoc_mock.py",
    "426.py": "tests/test_ext_autodoc_private_members.py",
    "427.py": "tests/test_ext_autosectionlabel.py",
    "428.py": "tests/test_ext_autosummary.py",
    "429.py": "tests/test_ext_coverage.py",
    "430.py": "tests/test_ext_doctest.py",
    "431.py": "tests/test_ext_duration.py",
    "432.py": "tests/test_ext_githubpages.py",
    "433.py": "tests/test_ext_graphviz.py",
    "434.py": "tests/test_ext_ifconfig.py",
    "435.py": "tests/test_ext_imgconverter.py",
    "436.py": "tests/test_ext_inheritance_diagram.py",
    "437.py": "tests/test_ext_intersphinx.py",
    "438.py": "tests/test_ext_math.py",
    "439.py": "tests/test_ext_napoleon.py",
    "440.py": "tests/test_ext_napoleon_docstring.py",
    "441.py": "tests/test_ext_napoleon_iterators.py",
    "442.py": "tests/test_ext_todo.py",
    "443.py": "tests/test_ext_viewcode.py",
    "444.py": "tests/test_highlighting.py",
    "445.py": "tests/test_intl.py",
    "446.py": "tests/test_locale.py",
    "447.py": "tests/test_markup.py",
    "448.py": "tests/test_metadata.py",
    "449.py": "tests/test_parser.py",
    "450.py": "tests/test_project.py",
    "451.py": "tests/test_pycode.py",
    "452.py": "tests/test_pycode_ast.py",
    "453.py": "tests/test_pycode_parser.py",
    "454.py": "tests/test_quickstart.py",
    "455.py": "tests/test_roles.py",
    "456.py": "tests/test_search.py",
    "457.py": "tests/test_setup_command.py",
    "458.py": "tests/test_smartquotes.py",
    "459.py": "tests/test_templating.py",
    "460.py": "tests/test_theming.py",
    "461.py": "tests/test_toctree.py",
    "462.py": "tests/test_transforms_post_transforms_code.py",
    "463.py": "tests/test_util.py",
    "464.py": "tests/test_util_docstrings.py",
    "465.py": "tests/test_util_docutils.py",
    "466.py": "tests/test_util_fileutil.py",
    "467.py": "tests/test_util_i18n.py",
    "468.py": "tests/test_util_images.py",
    "469.py": "tests/test_util_inspect.py",
    "470.py": "tests/test_util_inventory.py",
    "471.py": "tests/test_util_jsdump.py",
    "472.py": "tests/test_util_logging.py",
    "473.py": "tests/test_util_matching.py",
    "474.py": "tests/test_util_nodes.py",
    "475.py": "tests/test_util_pycompat.py",
    "476.py": "tests/test_util_rst.py",
    "477.py": "tests/test_util_template.py",
    "478.py": "tests/test_util_typing.py",
    "479.py": "tests/test_versioning.py",
    "480.py": "tests/test_writer_latex.py",
    "481.py": "tests/typing_test_data.py",
    "482.py": "utils/__init__.py",
    "483.py": "utils/bump_version.py",
    "484.py": "utils/checks.py",
    "485.py": "utils/doclinter.py",
    "486.py": "utils/jssplitter_generator.py",
    "487.py": "sphinx/__init__.py",
    "488.py": "sphinx/builders/epub3.py",
    "489.py": "sphinx/builders/html/__init__.py",
    "490.py": "sphinx/builders/latex/__init__.py",
    "491.py": "sphinx/config.py",
    "492.py": "sphinx/ext/autodoc/__init__.py",
    "493.py": "sphinx/ext/intersphinx.py",
    "494.py": "sphinx/extension.py",
    "495.py": "sphinx/registry.py",
    "496.py": "sphinx/util/inspect.py",
    "497.py": "tests/test_autodoc.py"
  },
  "saved_files": {
    "487.py": "sphinx/__init__.py",
    "488.py": "sphinx/builders/epub3.py",
    "489.py": "sphinx/builders/html/__init__.py",
    "490.py": "sphinx/builders/latex/__init__.py",
    "491.py": "sphinx/config.py",
    "492.py": "sphinx/ext/autodoc/__init__.py",
    "493.py": "sphinx/ext/intersphinx.py",
    "494.py": "sphinx/extension.py",
    "495.py": "sphinx/registry.py",
    "496.py": "sphinx/util/inspect.py",
    "497.py": "tests/test_autodoc.py"
  },
  "path_to_file": {
    "doc/conf.py": "0.py",
    "doc/development/tutorials/examples/helloworld.py": "1.py",
    "doc/development/tutorials/examples/recipe.py": "2.py",
    "doc/development/tutorials/examples/todo.py": "3.py",
    "doc/usage/extensions/example_google.py": "4.py",
    "doc/usage/extensions/example_numpy.py": "5.py",
    "setup.py": "6.py",
    "sphinx/__init__.py": "487.py",
    "sphinx/__main__.py": "8.py",
    "sphinx/addnodes.py": "9.py",
    "sphinx/application.py": "10.py",
    "sphinx/builders/__init__.py": "11.py",
    "sphinx/builders/_epub_base.py": "12.py",
    "sphinx/builders/applehelp.py": "13.py",
    "sphinx/builders/changes.py": "14.py",
    "sphinx/builders/devhelp.py": "15.py",
    "sphinx/builders/dirhtml.py": "16.py",
    "sphinx/builders/dummy.py": "17.py",
    "sphinx/builders/epub3.py": "488.py",
    "sphinx/builders/gettext.py": "19.py",
    "sphinx/builders/html/__init__.py": "489.py",
    "sphinx/builders/htmlhelp.py": "21.py",
    "sphinx/builders/latex/__init__.py": "490.py",
    "sphinx/builders/latex/constants.py": "23.py",
    "sphinx/builders/latex/nodes.py": "24.py",
    "sphinx/builders/latex/theming.py": "25.py",
    "sphinx/builders/latex/transforms.py": "26.py",
    "sphinx/builders/latex/util.py": "27.py",
    "sphinx/builders/linkcheck.py": "28.py",
    "sphinx/builders/manpage.py": "29.py",
    "sphinx/builders/qthelp.py": "30.py",
    "sphinx/builders/singlehtml.py": "31.py",
    "sphinx/builders/texinfo.py": "32.py",
    "sphinx/builders/text.py": "33.py",
    "sphinx/builders/xml.py": "34.py",
    "sphinx/cmd/__init__.py": "35.py",
    "sphinx/cmd/build.py": "36.py",
    "sphinx/cmd/make_mode.py": "37.py",
    "sphinx/cmd/quickstart.py": "38.py",
    "sphinx/config.py": "491.py",
    "sphinx/deprecation.py": "40.py",
    "sphinx/directives/__init__.py": "41.py",
    "sphinx/directives/code.py": "42.py",
    "sphinx/directives/other.py": "43.py",
    "sphinx/directives/patches.py": "44.py",
    "sphinx/domains/__init__.py": "45.py",
    "sphinx/domains/c.py": "46.py",
    "sphinx/domains/changeset.py": "47.py",
    "sphinx/domains/citation.py": "48.py",
    "sphinx/domains/cpp.py": "49.py",
    "sphinx/domains/index.py": "50.py",
    "sphinx/domains/javascript.py": "51.py",
    "sphinx/domains/math.py": "52.py",
    "sphinx/domains/python.py": "53.py",
    "sphinx/domains/rst.py": "54.py",
    "sphinx/domains/std.py": "55.py",
    "sphinx/environment/__init__.py": "56.py",
    "sphinx/environment/adapters/__init__.py": "57.py",
    "sphinx/environment/adapters/asset.py": "58.py",
    "sphinx/environment/adapters/indexentries.py": "59.py",
    "sphinx/environment/adapters/toctree.py": "60.py",
    "sphinx/environment/collectors/__init__.py": "61.py",
    "sphinx/environment/collectors/asset.py": "62.py",
    "sphinx/environment/collectors/dependencies.py": "63.py",
    "sphinx/environment/collectors/indexentries.py": "64.py",
    "sphinx/environment/collectors/metadata.py": "65.py",
    "sphinx/environment/collectors/title.py": "66.py",
    "sphinx/environment/collectors/toctree.py": "67.py",
    "sphinx/errors.py": "68.py",
    "sphinx/events.py": "69.py",
    "sphinx/ext/__init__.py": "70.py",
    "sphinx/ext/apidoc.py": "71.py",
    "sphinx/ext/autodoc/__init__.py": "492.py",
    "sphinx/ext/autodoc/directive.py": "73.py",
    "sphinx/ext/autodoc/importer.py": "74.py",
    "sphinx/ext/autodoc/mock.py": "75.py",
    "sphinx/ext/autodoc/type_comment.py": "76.py",
    "sphinx/ext/autodoc/typehints.py": "77.py",
    "sphinx/ext/autosectionlabel.py": "78.py",
    "sphinx/ext/autosummary/__init__.py": "79.py",
    "sphinx/ext/autosummary/generate.py": "80.py",
    "sphinx/ext/coverage.py": "81.py",
    "sphinx/ext/doctest.py": "82.py",
    "sphinx/ext/duration.py": "83.py",
    "sphinx/ext/extlinks.py": "84.py",
    "sphinx/ext/githubpages.py": "85.py",
    "sphinx/ext/graphviz.py": "86.py",
    "sphinx/ext/ifconfig.py": "87.py",
    "sphinx/ext/imgconverter.py": "88.py",
    "sphinx/ext/imgmath.py": "89.py",
    "sphinx/ext/inheritance_diagram.py": "90.py",
    "sphinx/ext/intersphinx.py": "493.py",
    "sphinx/ext/jsmath.py": "92.py",
    "sphinx/ext/linkcode.py": "93.py",
    "sphinx/ext/mathjax.py": "94.py",
    "sphinx/ext/napoleon/__init__.py": "95.py",
    "sphinx/ext/napoleon/docstring.py": "96.py",
    "sphinx/ext/napoleon/iterators.py": "97.py",
    "sphinx/ext/todo.py": "98.py",
    "sphinx/ext/viewcode.py": "99.py",
    "sphinx/extension.py": "494.py",
    "sphinx/highlighting.py": "101.py",
    "sphinx/io.py": "102.py",
    "sphinx/jinja2glue.py": "103.py",
    "sphinx/locale/__init__.py": "104.py",
    "sphinx/parsers.py": "105.py",
    "sphinx/project.py": "106.py",
    "sphinx/pycode/__init__.py": "107.py",
    "sphinx/pycode/ast.py": "108.py",
    "sphinx/pycode/parser.py": "109.py",
    "sphinx/pygments_styles.py": "110.py",
    "sphinx/registry.py": "495.py",
    "sphinx/roles.py": "112.py",
    "sphinx/search/__init__.py": "113.py",
    "sphinx/search/da.py": "114.py",
    "sphinx/search/de.py": "115.py",
    "sphinx/search/en.py": "116.py",
    "sphinx/search/es.py": "117.py",
    "sphinx/search/fi.py": "118.py",
    "sphinx/search/fr.py": "119.py",
    "sphinx/search/hu.py": "120.py",
    "sphinx/search/it.py": "121.py",
    "sphinx/search/ja.py": "122.py",
    "sphinx/search/jssplitter.py": "123.py",
    "sphinx/search/nl.py": "124.py",
    "sphinx/search/no.py": "125.py",
    "sphinx/search/pt.py": "126.py",
    "sphinx/search/ro.py": "127.py",
    "sphinx/search/ru.py": "128.py",
    "sphinx/search/sv.py": "129.py",
    "sphinx/search/tr.py": "130.py",
    "sphinx/search/zh.py": "131.py",
    "sphinx/setup_command.py": "132.py",
    "sphinx/testing/__init__.py": "133.py",
    "sphinx/testing/comparer.py": "134.py",
    "sphinx/testing/fixtures.py": "135.py",
    "sphinx/testing/path.py": "136.py",
    "sphinx/testing/restructuredtext.py": "137.py",
    "sphinx/testing/util.py": "138.py",
    "sphinx/theming.py": "139.py",
    "sphinx/transforms/__init__.py": "140.py",
    "sphinx/transforms/compact_bullet_list.py": "141.py",
    "sphinx/transforms/i18n.py": "142.py",
    "sphinx/transforms/post_transforms/__init__.py": "143.py",
    "sphinx/transforms/post_transforms/code.py": "144.py",
    "sphinx/transforms/post_transforms/images.py": "145.py",
    "sphinx/transforms/references.py": "146.py",
    "sphinx/util/__init__.py": "147.py",
    "sphinx/util/build_phase.py": "148.py",
    "sphinx/util/cfamily.py": "149.py",
    "sphinx/util/compat.py": "150.py",
    "sphinx/util/console.py": "151.py",
    "sphinx/util/docfields.py": "152.py",
    "sphinx/util/docstrings.py": "153.py",
    "sphinx/util/docutils.py": "154.py",
    "sphinx/util/fileutil.py": "155.py",
    "sphinx/util/i18n.py": "156.py",
    "sphinx/util/images.py": "157.py",
    "sphinx/util/inspect.py": "496.py",
    "sphinx/util/inventory.py": "159.py",
    "sphinx/util/jsdump.py": "160.py",
    "sphinx/util/jsonimpl.py": "161.py",
    "sphinx/util/logging.py": "162.py",
    "sphinx/util/matching.py": "163.py",
    "sphinx/util/math.py": "164.py",
    "sphinx/util/nodes.py": "165.py",
    "sphinx/util/osutil.py": "166.py",
    "sphinx/util/parallel.py": "167.py",
    "sphinx/util/png.py": "168.py",
    "sphinx/util/pycompat.py": "169.py",
    "sphinx/util/requests.py": "170.py",
    "sphinx/util/rst.py": "171.py",
    "sphinx/util/smartypants.py": "172.py",
    "sphinx/util/stemmer/__init__.py": "173.py",
    "sphinx/util/stemmer/porter.py": "174.py",
    "sphinx/util/tags.py": "175.py",
    "sphinx/util/template.py": "176.py",
    "sphinx/util/texescape.py": "177.py",
    "sphinx/util/typing.py": "178.py",
    "sphinx/versioning.py": "179.py",
    "sphinx/writers/__init__.py": "180.py",
    "sphinx/writers/html.py": "181.py",
    "sphinx/writers/html5.py": "182.py",
    "sphinx/writers/latex.py": "183.py",
    "sphinx/writers/manpage.py": "184.py",
    "sphinx/writers/texinfo.py": "185.py",
    "sphinx/writers/text.py": "186.py",
    "sphinx/writers/xml.py": "187.py",
    "tests/conftest.py": "188.py",
    "tests/roots/test-add_enumerable_node/conf.py": "189.py",
    "tests/roots/test-add_enumerable_node/enumerable_node.py": "190.py",
    "tests/roots/test-add_source_parser-conflicts-with-users-setting/conf.py": "191.py",
    "tests/roots/test-add_source_parser-conflicts-with-users-setting/source_parser.py": "192.py",
    "tests/roots/test-add_source_parser/conf.py": "193.py",
    "tests/roots/test-add_source_parser/source_parser.py": "194.py",
    "tests/roots/test-api-set-translator/conf.py": "195.py",
    "tests/roots/test-api-set-translator/nonext/conf.py": "196.py",
    "tests/roots/test-api-set-translator/translator.py": "197.py",
    "tests/roots/test-apidoc-pep420/a/b/c/__init__.py": "198.py",
    "tests/roots/test-apidoc-pep420/a/b/c/d.py": "199.py",
    "tests/roots/test-apidoc-pep420/a/b/e/__init__.py": "200.py",
    "tests/roots/test-apidoc-pep420/a/b/e/f.py": "201.py",
    "tests/roots/test-apidoc-pep420/a/b/x/y.py": "202.py",
    "tests/roots/test-apidoc-subpackage-in-toc/parent/__init__.py": "203.py",
    "tests/roots/test-apidoc-subpackage-in-toc/parent/child/__init__.py": "204.py",
    "tests/roots/test-apidoc-subpackage-in-toc/parent/child/foo.py": "205.py",
    "tests/roots/test-apidoc-toc/mypackage/__init__.py": "206.py",
    "tests/roots/test-apidoc-toc/mypackage/main.py": "207.py",
    "tests/roots/test-apidoc-toc/mypackage/no_init/foo.py": "208.py",
    "tests/roots/test-apidoc-toc/mypackage/resource/__init__.py": "209.py",
    "tests/roots/test-apidoc-toc/mypackage/something/__init__.py": "210.py",
    "tests/roots/test-apidoc-trailing-underscore/package_/__init__.py": "211.py",
    "tests/roots/test-apidoc-trailing-underscore/package_/module_.py": "212.py",
    "tests/roots/test-autosummary/conf.py": "213.py",
    "tests/roots/test-autosummary/dummy_module.py": "214.py",
    "tests/roots/test-autosummary/underscore_module_.py": "215.py",
    "tests/roots/test-basic/conf.py": "216.py",
    "tests/roots/test-build-html-translator/conf.py": "217.py",
    "tests/roots/test-build-text/conf.py": "218.py",
    "tests/roots/test-builder-dirhtml/conf.py": "219.py",
    "tests/roots/test-builder-gettext-dont-rebuild-mo/conf.py": "220.py",
    "tests/roots/test-changes/conf.py": "221.py",
    "tests/roots/test-circular/conf.py": "222.py",
    "tests/roots/test-config/conf.py": "223.py",
    "tests/roots/test-correct-year/conf.py": "224.py",
    "tests/roots/test-default_role/conf.py": "225.py",
    "tests/roots/test-directive-code/conf.py": "226.py",
    "tests/roots/test-directive-code/target.py": "227.py",
    "tests/roots/test-directive-only/conf.py": "228.py",
    "tests/roots/test-directives-raw/conf.py": "229.py",
    "tests/roots/test-docutilsconf/conf.py": "230.py",
    "tests/roots/test-domain-c/conf.py": "231.py",
    "tests/roots/test-domain-cpp/conf.py": "232.py",
    "tests/roots/test-domain-js/conf.py": "233.py",
    "tests/roots/test-domain-py/conf.py": "234.py",
    "tests/roots/test-double-inheriting-theme/conf.py": "235.py",
    "tests/roots/test-epub-anchor-id/conf.py": "236.py",
    "tests/roots/test-ext-autodoc/autodoc_dummy_bar.py": "237.py",
    "tests/roots/test-ext-autodoc/autodoc_dummy_module.py": "238.py",
    "tests/roots/test-ext-autodoc/bug2437/__init__.py": "239.py",
    "tests/roots/test-ext-autodoc/bug2437/autodoc_dummy_foo.py": "240.py",
    "tests/roots/test-ext-autodoc/conf.py": "241.py",
    "tests/roots/test-ext-autodoc/target/__init__.py": "242.py",
    "tests/roots/test-ext-autodoc/target/abstractmethods.py": "243.py",
    "tests/roots/test-ext-autodoc/target/annotated.py": "244.py",
    "tests/roots/test-ext-autodoc/target/autoclass_content.py": "245.py",
    "tests/roots/test-ext-autodoc/target/bound_method.py": "246.py",
    "tests/roots/test-ext-autodoc/target/callable.py": "247.py",
    "tests/roots/test-ext-autodoc/target/coroutine.py": "248.py",
    "tests/roots/test-ext-autodoc/target/decorator.py": "249.py",
    "tests/roots/test-ext-autodoc/target/descriptor.py": "250.py",
    "tests/roots/test-ext-autodoc/target/docstring_signature.py": "251.py",
    "tests/roots/test-ext-autodoc/target/enum.py": "252.py",
    "tests/roots/test-ext-autodoc/target/functions.py": "253.py",
    "tests/roots/test-ext-autodoc/target/imported_members.py": "254.py",
    "tests/roots/test-ext-autodoc/target/inheritance.py": "255.py",
    "tests/roots/test-ext-autodoc/target/methods.py": "256.py",
    "tests/roots/test-ext-autodoc/target/need_mocks.py": "257.py",
    "tests/roots/test-ext-autodoc/target/partialfunction.py": "258.py",
    "tests/roots/test-ext-autodoc/target/partialmethod.py": "259.py",
    "tests/roots/test-ext-autodoc/target/pep570.py": "260.py",
    "tests/roots/test-ext-autodoc/target/private.py": "261.py",
    "tests/roots/test-ext-autodoc/target/process_docstring.py": "262.py",
    "tests/roots/test-ext-autodoc/target/singledispatch.py": "263.py",
    "tests/roots/test-ext-autodoc/target/singledispatchmethod.py": "264.py",
    "tests/roots/test-ext-autodoc/target/slots.py": "265.py",
    "tests/roots/test-ext-autodoc/target/typed_vars.py": "266.py",
    "tests/roots/test-ext-autodoc/target/typehints.py": "267.py",
    "tests/roots/test-ext-autosectionlabel-prefix-document/conf.py": "269.py",
    "tests/roots/test-ext-autosectionlabel/conf.py": "270.py",
    "tests/roots/test-ext-autosummary-imported_members/autosummary_dummy_package/__init__.py": "271.py",
    "tests/roots/test-ext-autosummary-imported_members/autosummary_dummy_package/autosummary_dummy_module.py": "272.py",
    "tests/roots/test-ext-autosummary-imported_members/conf.py": "273.py",
    "tests/roots/test-ext-autosummary-mock_imports/conf.py": "274.py",
    "tests/roots/test-ext-autosummary-mock_imports/foo.py": "275.py",
    "tests/roots/test-ext-autosummary-skip-member/conf.py": "276.py",
    "tests/roots/test-ext-autosummary-skip-member/target.py": "277.py",
    "tests/roots/test-ext-autosummary/autosummary_dummy_module.py": "278.py",
    "tests/roots/test-ext-autosummary/autosummary_importfail.py": "279.py",
    "tests/roots/test-ext-autosummary/conf.py": "280.py",
    "tests/roots/test-ext-coverage/conf.py": "281.py",
    "tests/roots/test-ext-coverage/coverage_ignored.py": "282.py",
    "tests/roots/test-ext-coverage/coverage_not_ignored.py": "283.py",
    "tests/roots/test-ext-doctest-skipif/conf.py": "284.py",
    "tests/roots/test-ext-doctest-with-autodoc/conf.py": "285.py",
    "tests/roots/test-ext-doctest-with-autodoc/dir/__init__.py": "286.py",
    "tests/roots/test-ext-doctest-with-autodoc/dir/bar.py": "287.py",
    "tests/roots/test-ext-doctest-with-autodoc/foo.py": "288.py",
    "tests/roots/test-ext-doctest/conf.py": "289.py",
    "tests/roots/test-ext-githubpages/conf.py": "290.py",
    "tests/roots/test-ext-graphviz/conf.py": "291.py",
    "tests/roots/test-ext-ifconfig/conf.py": "292.py",
    "tests/roots/test-ext-imgconverter/conf.py": "293.py",
    "tests/roots/test-ext-inheritance_diagram/conf.py": "294.py",
    "tests/roots/test-ext-inheritance_diagram/example/__init__.py": "295.py",
    "tests/roots/test-ext-inheritance_diagram/example/sphinx.py": "296.py",
    "tests/roots/test-ext-inheritance_diagram/test.py": "297.py",
    "tests/roots/test-ext-intersphinx-cppdomain/conf.py": "298.py",
    "tests/roots/test-ext-math-compat/conf.py": "299.py",
    "tests/roots/test-ext-math-simple/conf.py": "300.py",
    "tests/roots/test-ext-math/conf.py": "301.py",
    "tests/roots/test-ext-todo/conf.py": "302.py",
    "tests/roots/test-ext-viewcode-find/conf.py": "303.py",
    "tests/roots/test-ext-viewcode-find/not_a_package/__init__.py": "304.py",
    "tests/roots/test-ext-viewcode-find/not_a_package/submodule.py": "305.py",
    "tests/roots/test-ext-viewcode/conf.py": "306.py",
    "tests/roots/test-ext-viewcode/spam/__init__.py": "307.py",
    "tests/roots/test-ext-viewcode/spam/mod1.py": "308.py",
    "tests/roots/test-ext-viewcode/spam/mod2.py": "309.py",
    "tests/roots/test-ext-viewcode/spam/mod3.py": "310.py",
    "tests/roots/test-extensions/conf.py": "311.py",
    "tests/roots/test-extensions/read_parallel.py": "312.py",
    "tests/roots/test-extensions/read_serial.py": "313.py",
    "tests/roots/test-extensions/write_parallel.py": "314.py",
    "tests/roots/test-extensions/write_serial.py": "315.py",
    "tests/roots/test-footnotes/conf.py": "316.py",
    "tests/roots/test-gettext-template/conf.py": "317.py",
    "tests/roots/test-glossary/conf.py": "318.py",
    "tests/roots/test-html_assets/conf.py": "319.py",
    "tests/roots/test-html_entity/conf.py": "320.py",
    "tests/roots/test-html_scaled_image_link/conf.py": "321.py",
    "tests/roots/test-html_style/conf.py": "322.py",
    "tests/roots/test-image-in-parsed-literal/conf.py": "323.py",
    "tests/roots/test-image-in-section/conf.py": "324.py",
    "tests/roots/test-images/conf.py": "325.py",
    "tests/roots/test-index_on_title/conf.py": "326.py",
    "tests/roots/test-inheritance/conf.py": "327.py",
    "tests/roots/test-inheritance/dummy/__init__.py": "328.py",
    "tests/roots/test-inheritance/dummy/test.py": "329.py",
    "tests/roots/test-inheritance/dummy/test_nested.py": "330.py",
    "tests/roots/test-intl/conf.py": "331.py",
    "tests/roots/test-keep_warnings/conf.py": "332.py",
    "tests/roots/test-latex-babel/conf.py": "333.py",
    "tests/roots/test-latex-equations/conf.py": "334.py",
    "tests/roots/test-latex-figure-in-admonition/conf.py": "335.py",
    "tests/roots/test-latex-includegraphics/conf.py": "336.py",
    "tests/roots/test-latex-index/conf.py": "337.py",
    "tests/roots/test-latex-labels/conf.py": "338.py",
    "tests/roots/test-latex-numfig/conf.py": "339.py",
    "tests/roots/test-latex-table/conf.py": "340.py",
    "tests/roots/test-latex-theme/conf.py": "341.py",
    "tests/roots/test-latex-title/conf.py": "342.py",
    "tests/roots/test-latex-unicode/conf.py": "343.py",
    "tests/roots/test-linkcheck/conf.py": "344.py",
    "tests/roots/test-manpage_url/conf.py": "345.py",
    "tests/roots/test-markup-citation/conf.py": "346.py",
    "tests/roots/test-markup-rubric/conf.py": "347.py",
    "tests/roots/test-maxlistdepth/conf.py": "348.py",
    "tests/roots/test-metadata/conf.py": "349.py",
    "tests/roots/test-need-escaped/conf.py": "350.py",
    "tests/roots/test-nested-enumerated-list/conf.py": "351.py",
    "tests/roots/test-nested-tables/conf.py": "352.py",
    "tests/roots/test-numbered-circular/conf.py": "353.py",
    "tests/roots/test-numfig/conf.py": "354.py",
    "tests/roots/test-productionlist/conf.py": "355.py",
    "tests/roots/test-prolog/conf.py": "356.py",
    "tests/roots/test-prolog/prolog_markdown_parser.py": "357.py",
    "tests/roots/test-pycode-egg/conf.py": "358.py",
    "tests/roots/test-pycode-egg/src/sample.py": "359.py",
    "tests/roots/test-pycode-egg/src/setup.py": "360.py",
    "tests/roots/test-pycode/cp_1251_coded.py": "361.py",
    "tests/roots/test-refonly_bullet_list/conf.py": "362.py",
    "tests/roots/test-roles-download/conf.py": "363.py",
    "tests/roots/test-root/autodoc_target.py": "364.py",
    "tests/roots/test-root/conf.py": "365.py",
    "tests/roots/test-root/parsermod.py": "366.py",
    "tests/roots/test-root/special/code.py": "367.py",
    "tests/roots/test-search/conf.py": "368.py",
    "tests/roots/test-setup/doc/conf.py": "369.py",
    "tests/roots/test-setup/setup.py": "370.py",
    "tests/roots/test-smartquotes/conf.py": "371.py",
    "tests/roots/test-stylesheets/conf.py": "372.py",
    "tests/roots/test-templating/conf.py": "373.py",
    "tests/roots/test-theming/conf.py": "374.py",
    "tests/roots/test-theming/setup.py": "375.py",
    "tests/roots/test-theming/test_theme/__init__.py": "376.py",
    "tests/roots/test-tocdepth/conf.py": "377.py",
    "tests/roots/test-toctree-duplicated/conf.py": "378.py",
    "tests/roots/test-toctree-empty/conf.py": "379.py",
    "tests/roots/test-toctree-glob/conf.py": "380.py",
    "tests/roots/test-toctree-maxdepth/conf.py": "381.py",
    "tests/roots/test-toctree/conf.py": "382.py",
    "tests/roots/test-trim_doctest_flags/conf.py": "383.py",
    "tests/roots/test-versioning/conf.py": "384.py",
    "tests/roots/test-warnings/autodoc_fodder.py": "385.py",
    "tests/roots/test-warnings/conf.py": "386.py",
    "tests/test_api_translator.py": "387.py",
    "tests/test_application.py": "388.py",
    "tests/test_autodoc.py": "497.py",
    "tests/test_build.py": "390.py",
    "tests/test_build_changes.py": "391.py",
    "tests/test_build_dirhtml.py": "392.py",
    "tests/test_build_epub.py": "393.py",
    "tests/test_build_gettext.py": "394.py",
    "tests/test_build_html.py": "395.py",
    "tests/test_build_latex.py": "396.py",
    "tests/test_build_linkcheck.py": "397.py",
    "tests/test_build_manpage.py": "398.py",
    "tests/test_build_texinfo.py": "399.py",
    "tests/test_build_text.py": "400.py",
    "tests/test_builder.py": "401.py",
    "tests/test_catalogs.py": "402.py",
    "tests/test_config.py": "403.py",
    "tests/test_correct_year.py": "404.py",
    "tests/test_directive_code.py": "405.py",
    "tests/test_directive_only.py": "406.py",
    "tests/test_directive_other.py": "407.py",
    "tests/test_directive_patch.py": "408.py",
    "tests/test_docutilsconf.py": "409.py",
    "tests/test_domain_c.py": "410.py",
    "tests/test_domain_cpp.py": "411.py",
    "tests/test_domain_js.py": "412.py",
    "tests/test_domain_py.py": "413.py",
    "tests/test_domain_rst.py": "414.py",
    "tests/test_domain_std.py": "415.py",
    "tests/test_environment.py": "416.py",
    "tests/test_environment_indexentries.py": "417.py",
    "tests/test_environment_toctree.py": "418.py",
    "tests/test_errors.py": "419.py",
    "tests/test_events.py": "420.py",
    "tests/test_ext_apidoc.py": "421.py",
    "tests/test_ext_autodoc.py": "422.py",
    "tests/test_ext_autodoc_configs.py": "423.py",
    "tests/test_ext_autodoc_events.py": "424.py",
    "tests/test_ext_autodoc_mock.py": "425.py",
    "tests/test_ext_autodoc_private_members.py": "426.py",
    "tests/test_ext_autosectionlabel.py": "427.py",
    "tests/test_ext_autosummary.py": "428.py",
    "tests/test_ext_coverage.py": "429.py",
    "tests/test_ext_doctest.py": "430.py",
    "tests/test_ext_duration.py": "431.py",
    "tests/test_ext_githubpages.py": "432.py",
    "tests/test_ext_graphviz.py": "433.py",
    "tests/test_ext_ifconfig.py": "434.py",
    "tests/test_ext_imgconverter.py": "435.py",
    "tests/test_ext_inheritance_diagram.py": "436.py",
    "tests/test_ext_intersphinx.py": "437.py",
    "tests/test_ext_math.py": "438.py",
    "tests/test_ext_napoleon.py": "439.py",
    "tests/test_ext_napoleon_docstring.py": "440.py",
    "tests/test_ext_napoleon_iterators.py": "441.py",
    "tests/test_ext_todo.py": "442.py",
    "tests/test_ext_viewcode.py": "443.py",
    "tests/test_highlighting.py": "444.py",
    "tests/test_intl.py": "445.py",
    "tests/test_locale.py": "446.py",
    "tests/test_markup.py": "447.py",
    "tests/test_metadata.py": "448.py",
    "tests/test_parser.py": "449.py",
    "tests/test_project.py": "450.py",
    "tests/test_pycode.py": "451.py",
    "tests/test_pycode_ast.py": "452.py",
    "tests/test_pycode_parser.py": "453.py",
    "tests/test_quickstart.py": "454.py",
    "tests/test_roles.py": "455.py",
    "tests/test_search.py": "456.py",
    "tests/test_setup_command.py": "457.py",
    "tests/test_smartquotes.py": "458.py",
    "tests/test_templating.py": "459.py",
    "tests/test_theming.py": "460.py",
    "tests/test_toctree.py": "461.py",
    "tests/test_transforms_post_transforms_code.py": "462.py",
    "tests/test_util.py": "463.py",
    "tests/test_util_docstrings.py": "464.py",
    "tests/test_util_docutils.py": "465.py",
    "tests/test_util_fileutil.py": "466.py",
    "tests/test_util_i18n.py": "467.py",
    "tests/test_util_images.py": "468.py",
    "tests/test_util_inspect.py": "469.py",
    "tests/test_util_inventory.py": "470.py",
    "tests/test_util_jsdump.py": "471.py",
    "tests/test_util_logging.py": "472.py",
    "tests/test_util_matching.py": "473.py",
    "tests/test_util_nodes.py": "474.py",
    "tests/test_util_pycompat.py": "475.py",
    "tests/test_util_rst.py": "476.py",
    "tests/test_util_template.py": "477.py",
    "tests/test_util_typing.py": "478.py",
    "tests/test_versioning.py": "479.py",
    "tests/test_writer_latex.py": "480.py",
    "tests/typing_test_data.py": "481.py",
    "utils/__init__.py": "482.py",
    "utils/bump_version.py": "483.py",
    "utils/checks.py": "484.py",
    "utils/doclinter.py": "485.py",
    "utils/jssplitter_generator.py": "486.py"
  }
}